{"count":1,"self":495.638016,"total":575.021831,"children":{"InitializeActuators":{"count":128,"self":0.0010249999999999999,"total":0.0010249999999999999,"children":null},"InitializeSensors":{"count":128,"self":0.0010739999999999999,"total":0.0010739999999999999,"children":null},"AgentSendState":{"count":16984,"self":0.344665,"total":23.003902999999998,"children":{"CollectObservations":{"count":217408,"self":0.346611,"total":0.346611,"children":null},"WriteActionMask":{"count":217408,"self":0.054675999999999995,"total":0.054675999999999995,"children":null},"RequestDecision":{"count":217408,"self":0.27997299999999997,"total":22.257951,"children":{"AgentInfo.ToProto":{"count":217408,"self":0.269104,"total":21.977978,"children":{"GenerateSensorData":{"count":217408,"self":21.7088736,"total":21.708873999999998,"children":null}}}}}}},"DecideAction":{"count":16984,"self":54.503488,"total":54.503487,"children":null},"AgentAct":{"count":16984,"self":1.809605,"total":1.874047,"children":{"AgentInfo.ToProto":{"count":190,"self":0.0010479999999999999,"total":0.064442,"children":{"GenerateSensorData":{"count":190,"self":0.063393999999999992,"total":0.063393999999999992,"children":null}}}}}},"gauges":{"NPCNavigation.CumulativeReward":{"count":190,"max":277.1508,"min":-10.72491,"runningAverage":33.42354,"value":16.9883652,"weightedAverage":162.502655}},"metadata":{"timer_format_version":"0.1.0","start_time_seconds":"1761400930","unity_version":"6000.0.60f1","command_line_arguments":"\/home\/shivamsaini\/Unity\/Hub\/Editor\/6000.0.60f1\/Editor\/Unity -projectpath \/home\/shivamsaini\/Desktop\/Projects\/SmartNPC_Webinar -useHub -hubIPC -cloudEnvironment production","communication_protocol_version":"1.5.0","com.unity.ml-agents_version":"4.0.0","scene_name":"SampleScene","end_time_seconds":"1761401505"}}